,,Banco de dados dos indicadores,,,,,,,,,,,,,,,,,,,,,,,,,,,,,,,,,,,,,,,,,,,,,,,,,,,,,,,,,,,,,,,,,,,,,,,,,,,,,,
,1,2,3,4,5,6,7,8,9,10,11,12,13,14,15,16,17,18,19,20,21,22,23,24,25,26,27,28,29,30,31,32,33,34,35,36,37,38,39,40,41,42,43,44,45,46,47,48,49,50,51,52,53,54,55,56,57,58,59,60,61,62,63,64,65,66,67,68,69,70,71,72,73,74,75,76,77,,,
,,,,,,,,,,,,,,,,,,,,,,,,,,,,,2010,,,2011,,2012,,2013,,2014,,2015,,Jan-12,,Feb-12,,Mar-12,,Apr-12,,May-12,,Jun-12,,Jul-12,,Aug-12,,Sep-12,,Oct-12,,Nov-12,,Dec-12,,,,,Relevância estratégica,,,Mensurabilidade,,,Adequação à análise,,,,,
,Número do Indicador,Perspectiva,Tema,Objetivo Estratégico,Descrição Objetivo,Responsável Objetivo,Indicador Proposto,Descrição Indicador,Fórmula,Unidade Medida,Polaridade,Casas Decimais,Periodicidade,Comportamento,Tipo Indicador,Critério Acompanhamento,Segmentação,Disponibilidade,Data Mensuração,Fonte de dados,Tipo de fonte,Responsável pelo Apoio e Análise,Requer Plano Ação,Resp. Plano Ação,Início Plano Ação,Término Plano Ação,Comparativo,Fonte de dados do Comparativo,Realizado,Projetado,Meta,Realizado,Meta,Realizado,Meta,Realizado,Meta,Realizado,Meta,Realizado,Meta,Realizado,Meta,Realizado,Meta,Realizado,Meta,Realizado,Meta,Realizado,Meta,Realizado,Meta,Realizado,Meta,Realizado,Meta,Realizado,Meta,Realizado,Meta,Realizado,Meta,Realizado,Meta,Sugestão de indicadores,Possíveis projetos/ações,Racional do indicador e metas,Representatividade,Simplicidade,Cobertura ,Frequencia de medição,Facilidade,Confiabiliade,Sensibilidade,Estabilidade ,Capacidade comparativa,,,
TIR (Projeto),1.1,Resultados,Resultados,GERAR RESULTADOS EXPRESSIVOS AOS ACIONISTAS ,Gerar resultados financeiros aos acionistas em termos de: Aumento da lucratividade, Retorno sobre investimento, Aumento de receitas, Redução de custos.,Ricardo,TIR (Projeto),"Avalia a taxa que o investidor obtém em média em cada ano sobre os capitais que se mantêm investidos no projeto, enquanto o investimento inicial é recuperado progressivamente.",VPL = ∑  Receita líquida / (1+TIR)^tempo – ∑ |Custos líquidos| / (1+TIR)^tempo = 0,%,3,1,Semestral,Estático,Financeiro,Dado do periodo,Não,Sim,Julho ,Business Plan,Informação Oficial,Beto Noronha,,,,,-,,10.1%,,10.2%,-,10.2%,-,10.2%,-,10.2%,-,10.2%,,,11.0%,10.0%,9.9%,10.0%,12.0%,10.0%,,,,,,10.2%,,,,,,,,,,,,10.2%,"EVA, Margem Ebitda, TIR",,"Entre EVA, TIR e EBITDA, TIR foi escolhido pois CART é considerado projeto de 30 anos com taxa de retorno específico utilizado para a fase da licitação",Perfeitamente alinhado ao objetivo,Métrica compreensivel para colaboradores de áreas específicas,Cobre 100% da descricao do objetivo,Semestral,Medido atualmente,Informacao oficial/Sistema/Fonte externa oficial,"Demora para perceber impacto (pesquisas de percepcao, medicoes de baixa frequencia, na maioria indicadores de resultado)",Desempenho atual medido e com comportamento estável/Indicador de Mercado com método definido,Benchmark externo facilmente obtido
Fluxo de Caixa Livre,1.2,Resultados,Resultados,Gerar resultados expressivos aos acionistas,"Gerar resultados financeiros aos acionistas em termos de:
Aumento da lucratividade;
Retorno sobre investimento;
Aumento de receitas;
Redução de custos.",Ricardo,Fluxo de Caixa Livre,Mede a geração de caixa livre da empresa dado pelos ingressos de caixa pelos desembolsos de caixa (despesas operacionais) e pelo fluxo de caixa não operacional,Ingressos de Caixa + (desembolso de caixa + fluxo de caixa não operacional),M R$,3,1,Mensal,Sazonal,Financeiro,,Não,Sim,Até o dia 15 de cada mês,Fluxo de Caixa,Informação Oficial,João Neto,,,,,,," (25,043)"," (25,043)"," (8,855)"," (78,098)"," (104,869)",,,,,,,,," (1,460)",8451," (4,311)"," (22,340)"," (2,958)"," (24,496)"," (15,305)"," (22,441)"," (20,272)"," (19,272)"," (17,929)"," (15,099)"," (1,205)",29001," (14,658)"," (5,749)",," (7,968)",," (10,404)",," (10,926)",," (3,626)",,,,Perfeitamente alinhado ao objetivo,Métrica compreensivel para colaboradores de áreas específicas,Cobre parcialmente a descricao do objetivo,Mensal,Medido atualmente,Informacao oficial/Sistema/Fonte externa oficial,Baixo delay para percepção de impactos,Desempenho atual medido e com comportamento estável/Indicador de Mercado com método definido,Padrao minimo de desempenho esperado existente,,,
Margem EBITDA,1.3,Resultados,Resultados,Gerar resultados expressivos aos acionistas,"Gerar resultados financeiros aos acionistas em termos de:
Aumento da lucratividade;
Retorno sobre investimento;
Aumento de receitas;
Redução de custos.",Ricardo,Margem EBITDA,"Mede o lucro operacional da empresa, ou seja,  apenas aquele que é resultado direto do negócio, antes de juros, impostos, depreciação e amortização.",EBITDA / Receita bruta * 100,%,3,0,Mensal,Linear,Financeiro,,Não,Sim,Até o dia 15 de cada mês,DRE,Informação Oficial,João Neto,,,,,,,31.9%,31.9%,33.1%,49.0%,42.8%,,48.3%,,49.2%,,,,,46.8%,17.9%,43.0%,24.4%,41.1%,32.4%,41.1%,34.0%,40.0%,35.0%,41.0%,36.2%,42.8%,36.2%,49.0%,38.9%,,40.7%,,42.0%,,42.5%,,42.8%,,,,Perfeitamente alinhado ao objetivo,Métrica compreensivel para colaboradores de áreas específicas,Cobre parcialmente a descricao do objetivo,Mensal,Medido atualmente,Informacao oficial/Sistema/Fonte externa oficial,Baixo delay para percepção de impactos,Desempenho atual medido e com comportamento estável/Indicador de Mercado com método definido,Benchmark externo facilmente obtido,,,
Total Custos e Despesas,2.1,Resultados,"Custos, Investimentos e Poder Concedente",Otimizar continuamente a estrutura de custos,"Otimizar e reduzir os custos operacionais;
Buscar melhoria contínua em todas as atividades.",João Neto,Total Custos e Despesas,Mede o total de custos e despesas  do período,∑ Custos e despesas realizados,M R$,,0,Mensal,Sazonal,Financeiro,,Sim,Sim,Até o dia 15 de cada mês,DRE,Informação Oficial,Rosalina Paiva,,,,,,,108390,106600,107223,64750,102091,,107616,,115500,,,,,7243,11482,7727,9279,9272,8783,8131,8890,8516,8831,7980,8598,7891,10658,7990,8648,,8573,,8635,,8574,,8724,"Custeio operacional
Custo/Km de Rodovia",,,Perfeitamente alinhado ao objetivo,Métrica compreensivel para os colaboradores de todas as áreas,Cobre 100% da descricao do objetivo,Mensal,Medido atualmente,Informacao oficial/Sistema/Fonte externa oficial,Baixo delay para percepção de impactos,Desempenho atual medido e com comportamento estável/Indicador de Mercado com método definido,Padrao minimo de desempenho esperado existente,,,
Total Investimentos,3.1,Resultados,"Custos, Investimentos e Poder Concedente",Assegurar a realização dos investimentos,"Otimização dos gastos com investimentos analisando custeio de manutenção;
Fluxo de caixa balanceado;
Sustentabilidade do project finance (debêntures, captações BNDES);
Melhoria no escopo inicial do Edital (melhores soluções para o usuário).",Márcio / Agua / Beto,Total Investimentos,Mede o total de investimentos realizados no período,∑ Investimentos realizados,M R$,,0,Mensal,Sazonal,Financeiro,,Sim,Sim,Até o dia 15 de cada mês,DRE - CAPEX,Informação Oficial,Rosalina Paiva,,,,,,,219787,223541,226675,139012,241069,,257500,,327600,,,,,9770,27226,9310,25808,11472,28530,18579,25315,24161,25038,22728,21344,20726,17844,22266,13829,,18210,,20281,,18794,,11349,"Capex - Cumprimento do orçamento de investimentos
Cumprir o cronograma físico dentro do orçamento financeiro",,,Perfeitamente alinhado ao objetivo,Métrica compreensivel para colaboradores de áreas específicas,Cobre parcialmente a descricao do objetivo,Mensal,Medido atualmente,Informacao oficial/Sistema/Fonte externa oficial,Baixo delay para percepção de impactos,Desempenho atual medido e com comportamento estável/Indicador de Mercado com método definido,Padrao minimo de desempenho esperado existente,,,
Receita de Pedágio,4.1,Resultados,"Receita, Tráfego e Novos Negócios",Maximizar as receitas,"Maximizar receita principal e acessórias; 
Reduzir perdas de receita.",Beto / S. Cabral / Felipe,Receita de Pedágio,Mede o total de receita de pedágio,∑ Receita de pedágio (receita líquida),M R$,,0,Mensal,Linear,Financeiro,,Sim,Sim,Até o dia 15 de cada mês,DRE,Informação Oficial,Rosalina Paiva,,,,,,,173528,168578,174860,125431,199490,,243692,,267268,,,,,14864,14434,13834,13872,16251,16859,15073,15081,15483,14930,15265,15344,17557,17456,17104,19694,,18949,,18875,,16949,,17048,Receita principal,,,Perfeitamente alinhado ao objetivo,Métrica compreensivel para os colaboradores de todas as áreas,Cobre grande parte da descricao do objetivo,Mensal,Medido atualmente,Informacao oficial/Sistema/Fonte externa oficial,"Demora para perceber impacto (pesquisas de percepcao, medicoes de baixa frequencia, na maioria indicadores de resultado)",Desempenho atual medido e com comportamento estável/Indicador de Mercado com método definido,Padrao minimo de desempenho esperado existente,,,
Receitas acessórias,4.2,Resultados,"Receita, Tráfego e Novos Negócios",Maximizar as receitas,"Maximizar receita principal e acessórias; 
Reduzir perdas de receita.",Beto / S. Cabral / Felipe,Receitas acessórias,Mede o total de receitas acessórias,∑ Receitas acessórias (receita líquida),M R$,,0,Mensal,Linear,Financeiro,,Não,Sim,Até o dia 15 de cada mês,DRE,Informação Oficial,Rosalina Paiva,,,,,,,188.5,200,152,171,10639,,7311,,8021,,,,,13,887,15,887,24,887,14,887,14,887,26,887,39,887,26,887,,887,,887,,887,,887,Receitas acessórias,,,Perfeitamente alinhado ao objetivo,Métrica compreensivel para os colaboradores de todas as áreas,Cobre uma pequena parte da descricao do objetivo,Mensal,Medido atualmente,Informacao oficial/Sistema/Fonte externa oficial,"Demora para perceber impacto (pesquisas de percepcao, medicoes de baixa frequencia, na maioria indicadores de resultado)",Desempenho atual medido e com comportamento estável/Indicador de Mercado com método definido,Padrao minimo de desempenho esperado existente,,,
Fornecedores locais,5.1,Desenvolvimento,"Relacionamento, Satisfação do Cliente e Desenvolvimento Regional",Ser um agente de desenvolvimento regional,"Contribuição ativa para o desenvolvimento sustentável da região;
Reforçar o compromisso da empresa com o desenvolvimento regional.",Ricardo / Juvencio / Abreu ,Fornecedores locais,Mede a quantidade relativa de fornecedores locais na carteira de compras da empresa,∑ Gastos com fornecedores locais / ∑ Gastos com fornecedores * 100,%,,1,Mensal,Sazonal,Gestão,,Sim,Sim,Até o dia 10 de cada mês,DataSul,Sistema,Roberto Ribeiro,,,,,,,15.0%,10.0%,10.0%,16.99%,11.0%,,12.0%,,13.0%,,,,,18.3%,11.0%,20.1%,11.0%,17.3%,11.0%,13.7%,11.0%,13.8%,11.0%,21.0%,11.0%,20.0%,11.0%,11.7%,11.0%,,11.0%,,11.0%,,11.0%,,11.0%,"Retorno dos projetos ($ adicional gerado pelos projetos), Impacto social (pessoas impactadas), empregos diretos e indiretos.
Ver: http://www.artesp.sp.gov.br/servicos/concessoes/servicos_del_programa_concessoes.asp ",,,Perfeitamente alinhado ao objetivo,Métrica compreensivel para os colaboradores de todas as áreas,Cobre parcialmente a descricao do objetivo,Mensal,Medido atualmente,Informacao oficial/Sistema/Fonte externa oficial," Percepcao imediata (indices operacionais, medicoes de alta frequencia, na maioria indicadores de tendencia) ",Desempenho atual medido e com comportamento estável/Indicador de Mercado com método definido,Benchmark externo facilmente obtido,,,
Empregos diretos,5.2,Desenvolvimento,"Relacionamento, Satisfação do Cliente e Desenvolvimento Regional",Ser um agente de desenvolvimento regional,"Contribuição ativa para o desenvolvimento sustentável da região;
Reforçar o compromisso da empresa com o desenvolvimento regional.",Ricardo / Juvencio / Abreu ,Empregos diretos,Demonstra a quantidade de empregos diretos gerados pela companhia,∑ Colaboradores próprios + ∑ Colaboradores terceiros,#,,0,Mensal,Linear,Recursos Humanos,,Sim,Sim,Até o dia 10 de cada mês,DataSul e Informações Externas,Sistema,Denilson Brum,,,,,,,1906,1900,1900,2195,2000,,2200,,2500,,,,,2031,2000,2097,2000,2132,2000,2106,2000,1991,2000,2346,2000,2475,2000,2382,2000,,2000,,2000,,2000,,2000,,,,Perfeitamente alinhado ao objetivo,Métrica compreensivel para os colaboradores de todas as áreas, Cobre parcialmente a descricao do objetivo ,Mensal,Medido atualmente,Informacao oficial/Sistema/Fonte externa oficial," Percepcao imediata (indices operacionais, medicoes de alta frequencia, na maioria indicadores de tendencia) ",Desempenho atual medido e com comportamento estável/Indicador de Mercado com método definido,Benchmark externo facilmente obtido,,,
Trechos considerados bons pela Pesquisa CNT de Rodovias,6.1,Clientes,"Relacionamento, Satisfação do Cliente e Desenvolvimento Regional",Ser referência no mercado pela qualidade na prestação dos serviços,"Reconhecimento pelas partes interessadas;
Excelência na prestação de serviços.",Hélcio / Márcio / Agua,Trechos considerados bons pela Pesquisa CNT de Rodovias,"Apresenta percentualmente, de acordo com as pesquisas realizadas pela CNT, o estado atual das rodovias brasileiras",Total de km de trecho considerados bons / total de km da concessão * 100,%,,1,Anual,Sazonal,Mercado,,Não,Sim,Janeiro,www.cnt.org.br,Fonte Externa,Douglas Almeida,,,,,,,91.4%,90.0%,90.0%,,92.0%,,95.0%,,100.0%,,,,,,,,,,,,,,,,,,,,,,,,,,,,,"Ranking das melhores rodovias da Quatro Rodas
Prêmios (?), ranking das melhores rodovias (guia quatro rodas, confederação nacional dos transportes)
http://www.artesp.sp.gov.br/releases/releases.asp?idNoticia=3154
Pesquisa CNT de Rodovias - http://www.cnt.org.br/portal/img/arquivos/Mapa%20Rodovi%C3%A1rio%20do%20Brasil.pdf",,,Perfeitamente alinhado ao objetivo,Métrica compreensivel para os colaboradores de todas as áreas,Cobre parcialmente a descricao do objetivo,Anual,Medido atualmente,Informacao oficial/Sistema/Fonte externa oficial,"Demora para perceber impacto (pesquisas de percepcao, medicoes de baixa frequencia, na maioria indicadores de resultado)",Desempenho atual medido e com comportamento estável/Indicador de Mercado com método definido,Benchmark externo facilmente obtido,,,
Indice de satisfação geral do usuário,7.1,Clientes,"Relacionamento, Satisfação do Cliente e Desenvolvimento Regional",Promover a satisfação do usuário,"Entrega plena dos atributos de valor ao usuário:
Segurança;
Conforto;
Confiança;
Cordialidade;
Respeito;
Atendimento Rápido.",Hélcio / Maurício,Indice de satisfação geral do usuário,Mede a quantidade de resultados excelentes obtidos na pesquisa de de pós-atendimento de usuários ,∑ Resultados excelentes / ∑ Resultados totais * 100,%,,1,Mensal,Sazonal,Cliente,,Sim,Sim,Até o 2o. dia útil do mês,Relatório Analítico Ouvidoria,Relatório de Área,Maurício Goes,,,,,,,75.5%,75.5%,70.0%,88.30%,80.0%,,100.0%,,100.0%,,,,,84.8%,80.0%,90.8%,80.0%,93.0%,80.0%,84.8%,80.0%,91.7%,80.0%,85.0%,80.0%,88.6%,82.5%,87.8%,85.0%,,85.0%,,87.5%,,87.5%,,87.5%,"Segurança; --> Acidentes(?), sinalização 
Conforto; --> Qualidade do pavimento, infraestrutura (drenagem, capina e roçada)
Confiança; --> Pesquisa de mercado
Cordialidade; --> reativas 0800
Respeito; --> reativas 0800
Atendimento Rápido. --> tempo médio de atendimento - ARTESP",,,Perfeitamente alinhado ao objetivo,Métrica compreensivel para os colaboradores de todas as áreas,Cobre 100% da descricao do objetivo,Mensal,Medido atualmente,Pesquisa,"Demora para perceber impacto (pesquisas de percepcao, medicoes de baixa frequencia, na maioria indicadores de resultado)",Desempenho atual medido e com comportamento estável/Indicador de Mercado com método definido,Padrao minimo de desempenho esperado existente,,,
Indice de reconhecimento,8.1,Clientes,"Relacionamento, Satisfação do Cliente e Desenvolvimento Regional",Ter marca e imagem de credibilidade,"Fortalecer, disseminar a marca;
Zelar pela imagem.",Ana Paula,Indice de reconhecimento,Mede a percepção do usuário e da comunidade com relação à imagem da empresa por meio de pesquisa de reconhecimento e consciência da marca,A definir. De acordo com a metodologia da pesquisa a ser realizada,%,,1,Bianual,Sazonal,Cliente,,Não,Não,-,Pesquisa,Pesquisa,Ana Paula,Sim,Ana Paula,,,,,,, ,,,,,,,,,,,,,,,,,,,,,,,,,,,,,,,,,,,Pesquisa de reconhecimento e consciência da marca - percepção do usuário e comunidade,,,Perfeitamente alinhado ao objetivo,Métrica compreensivel para colaboradores de áreas específicas,Cobre 100% da descricao do objetivo,Bianual,"Não medido atualmente, porem facil de obter",Dado manipulado manualmente pelo departamento,"Demora para perceber impacto (pesquisas de percepcao, medicoes de baixa frequencia, na maioria indicadores de resultado)","Indicador proposto é novo, desempenho atual não é acompanhado atualmente",Referencia dificilmente obtida/Não possue referente,,,
Mídias positivas,8.2,Clientes,"Relacionamento, Satisfação do Cliente e Desenvolvimento Regional",Ter marca e imagem de credibilidade,"Fortalecer, disseminar a marca;
Zelar pela imagem.",Athayde / Allan / Ana / Hélio / Hélcio / Fantini,Mídias positivas,Mede o total de mídias positivas veiculadas em relação ao total de mídias negativas,"∑ Mídias positivas / (∑ mídias negativas + positivas)
Critério: Ponderada pela abrangência e confiabilidade do veículo",Índice,,1,Mensal,Sazonal,Cliente,,Não,Não,Até o dia 10 de cada mês,Relatório de Atividades Lettera,Relatório de Área,Ana Paula,,,,,,,,,,99%,85%,,90%,,95%,,,,,,,,,,,,,,,,,97%,85%,100%,85%,,85%,,85%,,85%,,85%,Mídias positivas / mídias negativas,,,Parcialmente alinhado ao objetivo,Métrica compreensivel para colaboradores de áreas específicas,Cobre uma pequena parte da descricao do objetivo,Mensal,"Não medido atualmente, precisa estruturar o acompanhamento",Pesquisa,Baixo delay para percepção de impactos,"Indicador recente, poucas/nenhuma medição histórica para determinar validade do mesmo",Referencia dificilmente obtida/Não possue referente,,,
Grau de alinhamento das partes interessadas críticas,9.1,Processos Internos,"Relacionamento, Satisfação do Cliente e Desenvolvimento Regional",Fortalecer o relacionamento com as partes interessadas ,,,Grau de alinhamento das partes interessadas críticas,Mede o quanto as partes interessadas da CART mapeadas como críticas para viabilizar o negócio estão atuando de acordo com os interesses da empresa,"∑ Partes interessadas críticas avaliados como alinhadas com os interesses da CART / (∑ Total de partes interessadas mapeadas com críticas para os interesses da CART)
Critério: Ponderada pela importância da parte interessada",Índice,,1,Trimestral,Sazonal,Cliente,Dado do periodo,,Não,Até o dia 5 do mês subsequente ao periodo,Tabelas de Área de Governança,,,Sim,Ana Paula,,,com o mesmo periodo dos anos anteriores,,,,,,,,,,,,,,,,,,,,,,,,,,,,,,,,,,,,,,,,,,,,,Trimestral,,,,,,,,
Elaboração de Estudos de Novos Negócios,10.1,Processos Internos,"Receita, Tráfego e Novos Negócios",Identificar e desenvolver novos negócios,"Otimizar o uso da faixa de domínio;
Análise de possibilidades de aquisições;
Busca por negócios complementares;
Prospecção e apoio no desenvolvimento de novas oportunidades para a holding.",Felipe / Beto / Agua,Elaboração de Estudos de Novos Negócios,Apresenta a quantidade de projetos desenvolvidos que possam gerar aumento de receita ou incremento de tráfego,∑ Planos de negócio desenvolvidos,#,,0,Semestral,Sazonal,Cliente,,Não,Não,Julho ,Projetos gerados pelas áreas,Relatório de Área,Felipe Loredo,,,,,,,1,1,1,,,,,,,,,,,,,,,,,,,,,,,,,,,,,,,,,,,"novos negócios desenvolvidos, receita de novos negócios","Fibra ótica, Regularização das ocupações existentes",,Perfeitamente alinhado ao objetivo,Métrica compreensivel para colaboradores de áreas específicas,Cobre parcialmente a descricao do objetivo,Semestral,"Não medido atualmente, porem facil de obter",Pesquisa,"Percepcao imediata (indices operacionais, medicoes de alta frequencia, na maioria indicadores de tendencia)",Desempenho atual medido e com comportamento estável/Indicador de Mercado com método definido,Referencia dificilmente obtida/Não possue referente,,,
Fluxo de veículo em equivalentes pagantes diário,11.1,Processos Internos,"Receita, Tráfego e Novos Negócios","Atrair tráfego no curto, médio e longo prazos","Implantação de praças de bloqueio ou sistemas equivalentes;
Conquista de clientes-chave;
Atração de investidores para a região.",Beto / Hélcio / Felipe,Fluxo de veículo em equivalentes pagantes diário,Mede o fluxo total de veículos equivalentes pagantes (ponderado pela categoria),(∑ (Veículos pagantes * Valor pago) / Valor da tarifa básica) / ∑ Dias corridos do ano,Veículos,,0,Mensal,Sazonal,Mercado,,Sim,Sim,Até o dia 10 de cada mês,Síntese CCA,Sistema,Marcos de Souza,,,,,,,115582,115582,116810,120882,127199,,149123,,156521,,,,,114421,110848,117808,117854,124893,129286,119751,119568,119032,114568,121053,121607,126594,127201,123178,144065,,143240,,138099,,128164,,124826,"Fluxo de veículos (segmentado por categoria) ou veículos equivalentes
Receita com atração de novo fluxo (clientes chave + inibição de rotas alternativas)",,,Perfeitamente alinhado ao objetivo,Métrica compreensivel para os colaboradores de todas as áreas,Cobre 100% da descricao do objetivo,Mensal,Medido atualmente,Informacao oficial/Sistema/Fonte externa oficial,"Demora para perceber impacto (pesquisas de percepcao, medicoes de baixa frequencia, na maioria indicadores de resultado)",Desempenho atual medido e com comportamento estável/Indicador de Mercado com método definido,Benchmark externo facilmente obtido,,,
Cumprimento total dos cronogramas físico de implantação,12.1,Processos Internos,"Custos, Investimentos e Poder Concedente",Otimizar a manutenção viária e a implantação de projetos,"Gestão de projetos e de portfólio de projetos;
Implantação eficaz;
Melhoria da infraestrutura física e tecnológica;
Otimizar custos da manutenção viária.",Márcio / Agua / Beto,Cumprimento total dos cronogramas físico de implantação,Mede o cumprimento do cronograma físico de implantação dos projetos de implantação da infraestrutura física e tecnológica,∑ implantações realizadas / ∑ Implantações previstas * 100,%,,1,Mensal,Sazonal,Gestão,,Sim,Sim,Até o dia 10 de cada mês,Acompanhamento Físico da Área,Relatório de Área,William Paiva,,,,,,,100%,100%,100%,100%,100%,,100%,,100%,,,,,1%,100%,1%,100%,36%,100%,51%,100%,155%,100%,100%,100%,,100%,,100%,,100%,,100%,,100%,,100%,"Manutenção: Custo de manutenção por km de concessão (segmentado por rodovia), TI (??), Ambiental: Indicador RADA
Eficiência de projeto: Cumprimento dos cronogramas implantação, ",,,Perfeitamente alinhado ao objetivo,Métrica compreensivel para os colaboradores de todas as áreas,Cobre parcialmente a descricao do objetivo,Mensal,Medido atualmente,Pesquisa,"Percepcao imediata (indices operacionais, medicoes de alta frequencia, na maioria indicadores de tendencia)",Desempenho atual medido e com comportamento estável/Indicador de Mercado com método definido,Padrao minimo de desempenho esperado existente,,,
Cumprimento total dos cronogramas financeiro de implantação,12.2,Processos Internos,"Custos, Investimentos e Poder Concedente",Otimizar a manutenção viária e a implantação de projetos,"Gestão de projetos e de portfólio de projetos;
Implantação eficaz;
Melhoria da infraestrutura física e tecnológica;
Otimizar custos da manutenção viária.",Márcio / Agua / Beto,Cumprimento total dos cronogramas financeiro de implantação,Mede o cumprimento do cronograma financeiro de implantação dos projetos de implantação da infraestrutura física e tecnológica,∑ Gastos realizados,M R$,,0,Mensal,Sazonal,Financeiro,,Sim,Sim,Até o dia 10 de cada mês,Acompanhamento Orçamentário da Área,Relatório de Área,William Paiva,,,,,,,6510,6510,20070,19173,45033,,22169,,4450,,,,,372,13426,8,14258,177,11248,3538,566,8821,393,6257,327,,2,,4,,57,,3,,99,,0,,,,Perfeitamente alinhado ao objetivo,Métrica compreensivel para os colaboradores de todas as áreas,Cobre parcialmente a descricao do objetivo,Mensal,Medido atualmente,Dado manipulado manualmente pelo departamento,"Percepcao imediata (indices operacionais, medicoes de alta frequencia, na maioria indicadores de tendencia)",Desempenho atual medido e com comportamento estável/Indicador de Mercado com método definido,Padrao minimo de desempenho esperado existente,,,
Custo de manutenção (Engenharia),12.3,Processos Internos,"Custos, Investimentos e Poder Concedente",Otimizar a manutenção viária e a implantação de projetos,"Gestão de projetos e de portfólio de projetos;
Implantação eficaz;
Melhoria da infraestrutura física e tecnológica;
Otimizar custos da manutenção viária.",Márcio / Agua,Custo de manutenção (Engenharia),Mede o custo total da manutenção  da infraestrutura física e tecnológica,∑ Custos de manutenção (Engenharia),M R$,,0,Mensal,Sazonal,Financeiro,,Não,Sim,Até o dia 10 de cada mês,Acompanhamento Orçamentário da Área,Relatório de Área,Patrícia Balestra,,,,,,,32907,32907,35181,16735,27302,,27430,,28664,,,,,1421,2437,1884,2281,2527,2352,2329,2218,2560,2458,2116,2225,1858,2201,2040,2201,,2204,,2234,,2237,,2248,,,,Perfeitamente alinhado ao objetivo,Métrica compreensivel para os colaboradores de todas as áreas,Cobre parcialmente a descricao do objetivo,Mensal,Medido atualmente,Dado manipulado manualmente pelo departamento,"Percepcao imediata (indices operacionais, medicoes de alta frequencia, na maioria indicadores de tendencia)",Desempenho atual medido e com comportamento estável/Indicador de Mercado com método definido,Benchmark externo facilmente obtido,,,
Cumprimento aos tempos esperados no atendimento ao usuário,13.1,Processos Internos,"Custos, Investimentos e Poder Concedente",Gerir a operação viária e pedagiada com eficiência,"Garantir serviços e atendimento de qualidade:
Boas práticas operacionais; 
Monitoramento da faixa de domínio;
Atendimento respeitoso e ágil.",Hélcio,Cumprimento aos tempos esperados no atendimento ao usuário,Apresenta o nível mínimo de serviço estipulado no Edital ARTESP em seu Anexo 5,90% ≤30 min e 10% ≤60min,%,,1,Mensal,Linear,Cliente,,Não,Sim,Até o dia 10 de cada mês,Indicadores de cumprimento da ARTESP,Relatório de Área,Daniel Ovalhe,,,,,,,99.99%,100%,100%,100.0%,100%,,100%,,100%,,,,,100%,100%,99.99%,100%,99.9%,100%,100%,100%,100%,100%,100%,100%,99.9%,100%,99.9%,100%,,100%,,100%,,100%,,100%,,,,Perfeitamente alinhado ao objetivo,Métrica compreensivel para os colaboradores de todas as áreas,Cobre parcialmente a descricao do objetivo,Mensal,Medido atualmente,Pesquisa,"Percepcao imediata (indices operacionais, medicoes de alta frequencia, na maioria indicadores de tendencia)",Desempenho atual medido e com comportamento estável/Indicador de Mercado com método definido,Benchmark externo facilmente obtido,,,
Custo de operação,13.2,Processos Internos,"Custos, Investimentos e Poder Concedente",Gerir a operação viária e pedagiada com eficiência,"Garantir serviços e atendimento de qualidade:
Boas práticas operacionais; 
Monitoramento da faixa de domínio;
Atendimento respeitoso e ágil.",Hélcio,Custo de operação,Mede o custo total da operação em relação à quantidade de veículos equivalentes pagantes,∑ Operação de Tráfego + ∑ Socorro Médico + ∑ Socorro Mecânico ,M R$,,0,Mensal,Linear,Financeiro,,Não,Sim,Até o dia 15 de cada mês,"Em 2010 Planilha Custeio Natureza 
Em 2011 Planjemaneto Financeiro Curto Prazo",Relatório de Área,Rosalina Paiva,,,,,,,15730,15730,13947,10384,15720,,16144,,16145,,,,,1302,1267,1337,1266,1291,1392,1288,1387,1262,1388,1278,1384,1272,1385,1354,1333,,1332,,1338,,1336,,1337,"Custo médio por km, tempo médio de atendimento (pedágio, chamado), tempo médio de resposta (SAU), Ocorrências por km",,,Perfeitamente alinhado ao objetivo,Métrica compreensivel para colaboradores de áreas específicas,Cobre parcialmente a descricao do objetivo,Mensal,Medido atualmente,Dado manipulado manualmente pelo departamento,Baixo delay para percepção de impactos,Desempenho atual medido e com comportamento estável/Indicador de Mercado com método definido,Padrao minimo de desempenho esperado existente,,,
Tratamento de não conformidades da infraestrutura viária,14.1,Processos Internos,"Custos, Investimentos e Poder Concedente",Executar uma gestão eficaz do contrato de concessão,"Conciliar as necessidades da empresa com os requisitos do contrato;
Controle das realizações das obrigações com alinhamento do fluxo das informações relevantes;
Negociação de condições.",Beto Noronha,Tratamento de não conformidades da infraestrutura viária,Mede o total de não conformidades emitidas pela EAF em Sinalização e Elmentos de Segurança,∑ Não conformidades de sinalização e elementos de segurança tratadas no prazo / ∑ Não conformidades * 100,%,,2,Mensal,Sazonal,Gestão,,Não,Sim,Até o dia 10 de cada mês,Relatórios da EAF,Relatório de Área,Pedro Amui,,,,,,,91.82%,85.00%,85.00%,98.0%,75.00%,,80.00%,,85.00%,,,,,96.89%,75.00%,99.41%,75.00%,99.41%,75.00%,87.91%,75.00%,100.00%,75.00%,100.00%,75.00%,100.00%,75.00%,100.00%,75.00%,,75.00%,,75.00%,,75.00%,,75.00%,"Tratamento adequado das questões: notificações, multas (?)
- não conformidades legítimas",,,Perfeitamente alinhado ao objetivo,Métrica compreensivel para os colaboradores de todas as áreas,Cobre parcialmente a descricao do objetivo,Mensal,Medido atualmente,Pesquisa,"Percepcao imediata (indices operacionais, medicoes de alta frequencia, na maioria indicadores de tendencia)",Desempenho atual medido e com comportamento estável/Indicador de Mercado com método definido,Padrao minimo de desempenho esperado existente,,,
Demandas e Ações atendidas no prazo,14.2,Processos Internos,"Custos, Investimentos e Poder Concedente",Executar uma gestão eficaz do contrato de concessão,"Conciliar as necessidades da empresa com os requisitos do contrato;
Controle das realizações das obrigações com alinhamento do fluxo das informações relevantes;
Negociação de condições.",Beto Noronha,Demandas e Ações atendidas no prazo,"Mede o total das ações contratuais realizadas no prazo definido.
Critério: Caso a ação seja cumprida no prazo renegociado, será considerado dentro do prazo",∑ Ações realizadas no prazo / ∑ Ações a serem realizadas até o período * 100,%,,1,Mensal,Estático,Gestão,,Não,Sim,Até o dia 10 de cada mês,Planilha de Indicadores da área de Contratos,Relatório de Área,Beto Noronha,,,,,,,,100%,100%,,100%,,100%,,100%,,,,,,100%,,100%,,100%,,100%,,100%,,100%,,100%,,100%,,100%,,100%,,100%,,100%,,,,Perfeitamente alinhado ao objetivo,Métrica compreensivel para colaboradores de áreas específicas,Cobre parcialmente a descricao do objetivo,Mensal,Medido atualmente,Pesquisa,"Percepcao imediata (indices operacionais, medicoes de alta frequencia, na maioria indicadores de tendencia)",Desempenho atual medido e com comportamento estável/Indicador de Mercado com método definido,Padrao minimo de desempenho esperado existente,,,
Penalidades Emitidas,14.3,Clientes,"Custos, Investimentos e Poder Concedente",Executar uma gestão eficaz do contrato de concessão,"Gestão contratual eficaz;
Tratamento, encaminhamento e atendimento das demandas do poder concedente.",Beto Noronha,Penalidades Emitidas,Mede o total de penalidades (multas) em valores monetários aplicadas à empresa,∑ dos valores das penalidades,M R$,,0,Mensal,Estático,Regulatório,,Não,Sim,Até o dia 10 de cada mês,Penalidades arquivadas,Relatório de Área,Beto Noronha,,,,,,,144.25,144.25,144.25,193.01,0,,0,,0,,,,,0,0,193,0,0,0,0,0,0,0,0,0,0,0,,0,,0,,0,,0,,0,"Ranking da ARTESP, Notificações da ARTESP, Satisfação do poder concedente",,,Perfeitamente alinhado ao objetivo,Métrica compreensivel para colaboradores de áreas específicas,Cobre grande parte da descricao do objetivo,Mensal,Medido atualmente,Informacao oficial/Sistema/Fonte externa oficial,"Demora para perceber impacto (pesquisas de percepcao, medicoes de baixa frequencia, na maioria indicadores de resultado)",Desempenho atual medido e com comportamento estável/Indicador de Mercado com método definido,Padrao minimo de desempenho esperado existente,,,
Notificações,14.4,Clientes,"Custos, Investimentos e Poder Concedente",Executar uma gestão eficaz do contrato de concessão,"Gestão contratual eficaz;
Tratamento, encaminhamento e atendimento das demandas do poder concedente.",Beto Noronha,Notificações,Mede o total de notificações aplicadas à empresa,∑ da quantidade de notificações,#,,0,Mensal,Estático,Regulatório,,Não,Sim,Até o dia 10 de cada mês,Notificações arquivadas,Relatório de Área,Beto Noronha,,,,,,,20,20,20,14,0,,,,,,,,,0,0,2,0,0,0,1,0,9,0,1,0,1,0,,0,,0,,0,,0,,0,"Não-conformidades resolvidas no prazo (?)
""Autuações"" pelo poder concedente
Conversa informal.
Relatório de não-conformidades da EAF",,,Perfeitamente alinhado ao objetivo,Métrica compreensivel para colaboradores de áreas específicas,Cobre grande parte da descricao do objetivo,Mensal,Medido atualmente,Informacao oficial/Sistema/Fonte externa oficial,Baixo delay para percepção de impactos,Desempenho atual medido e com comportamento estável/Indicador de Mercado com método definido,Padrao minimo de desempenho esperado existente,,,
Margem de desconto obtido no volume de compras (%),15.1,Processos Internos,"Custos, Investimentos e Poder Concedente",Realizar a gestão eficaz das compras e contratações,"Eficiência e agilidade no processo de compras e contratações;
Garantir a qualidade dos fornecedores e equipamentos;
Garantir o atendimento aos requisitos das áreas fins;
Redução de custos;
Relacionamento de longo prazo.",Hélio / João,Margem de desconto obtido no volume de compras (%),Demonstra o Percentual de Ganhos obtidos com as negociações realizadas pela área de Compras e Contratações.,(∑ Compras solicitadas - Valores contratados) / ∑ (Compras solicitadas no mês),%,,1,Mensal,Sazonal,Gestão,,Não,Sim,Até o dia 10 de cada mês,Resumo de compras realizadas,Relatório de Área,Roberto Ribeiro,,,,,,,11.17%,10.00%,10.00%,6.4%,12.00%,,13.00%,,14.00%,,,,,4.45%,12.00%,11.60%,12.00%,3.94%,12.00%,4.81%,12.00%,4.80%,12.00%,5.11%,12.00%,8.26%,5.00%,8.38%,5.00%,,5.00%,,5.00%,,5.00%,,5.00%,,,,Perfeitamente alinhado ao objetivo,Métrica compreensivel para colaboradores de áreas específicas,Cobre parcialmente a descricao do objetivo,Mensal,Medido atualmente,Pesquisa,"Percepcao imediata (indices operacionais, medicoes de alta frequencia, na maioria indicadores de tendencia)",Desempenho atual medido e com comportamento estável/Indicador de Mercado com método definido,Benchmark externo facilmente obtido,,,
ind processos e governança,16.1,,,Aprimorar a gestão e governança dos processos da empresa,,,ind processos e governança,,,,,,,,,,,,,,,,,,,,,,,,,,,,,,,,,,,,,,,,,,,,,,,,,,,,,,,,,,,,,,,,,,,,,,,,,
Índice de comunicação interna,17.1,Aprendizado e Crescimento,"Organização, Pessoas e Inovação",Melhorar a comunicação interna e a integração entre as áreas,"Sistemas de qualidade, saúde, segurança e meio ambiente;
Melhoria contínua;
Governança corporativa;
Gestão da estratégia;
Gestão da Comunicação Interna.",Douglas Almeida,Índice de comunicação interna,Avalia a realização das ações corretivas e preventivas dentro do prazo determinado,∑ ações corretivas realizadas no prazo / ∑ ações corretivas realizadas * 100,%,,1,Mensal,Sazonal,Gestão,,Não,Sim,Até o dia 10 de cada mês,Planilha de acompanhamento de ações corretivas e preventivas,Relatório de Área,Douglas Almeida,,,,,,,94%,94%,80%,90.1%,85%,,90%,,95%,,,,,94%,85%,94%,85%,87%,85%,89%,85%,92%,85%,90%,85%,87%,85%,88%,85%,,85%,,85%,,85%,,85%,,,,Perfeitamente alinhado ao objetivo,Métrica compreensivel para os colaboradores de todas as áreas,Cobre 100% da descricao do objetivo,Mensal,Medido atualmente,Pesquisa,Baixo delay para percepção de impactos,Desempenho atual medido e com comportamento estável/Indicador de Mercado com método definido,Padrao minimo de desempenho esperado existente,,,
Grau de integração entre as áreas,18.1,Aprendizado e Crescimento,"Organização, Pessoas e Inovação",Melhorar a comunicação interna e a integração entre as áreas,"Sistemas de qualidade, saúde, segurança e meio ambiente;
Melhoria contínua;
Governança corporativa;
Gestão da estratégia;
Gestão da Comunicação Interna.",Douglas Almeida,Grau de integração entre as áreas,Avalia a realização das ações corretivas e preventivas dentro do prazo determinado,∑ ações corretivas realizadas no prazo / ∑ ações corretivas realizadas * 100,%,,1,Mensal,Sazonal,Gestão,,Não,Sim,Até o dia 10 de cada mês,Planilha de acompanhamento de ações corretivas e preventivas,Relatório de Área,Douglas Almeida,,,,,,,94%,94%,80%,90.1%,85%,,90%,,95%,,,,,94%,85%,94%,85%,87%,85%,89%,85%,92%,85%,90%,85%,87%,85%,88%,85%,,85%,,85%,,85%,,85%,,,,Perfeitamente alinhado ao objetivo,Métrica compreensivel para os colaboradores de todas as áreas,Cobre 100% da descricao do objetivo,Mensal,Medido atualmente,Pesquisa,Baixo delay para percepção de impactos,Desempenho atual medido e com comportamento estável/Indicador de Mercado com método definido,Padrao minimo de desempenho esperado existente,,,
Grau de aproveitamento das idéias geradas,19.1,Aprendizado e Crescimento,"Organização, Pessoas e Inovação",Fomentar a inovação em busca de novas soluções,"Gerar inovação em:
Infraestrutura;
Processos e atividades; 
Tecnologia; 
Segurança.",Denilson / Agua,Grau de aproveitamento das idéias geradas,Identifica quantitativamente a quantidade de idéias geradas e registradas no projeto de inovação.,∑ idéias geradas,#,,0,Semestral,Linear,Gestão,,Não,Não,,Projeto de Inovação,Relatório de Área,Vanderlei Carbone,,,,,,,,,,,,,,,100,,,,,,,,,,,,,,,,,,,,,,,,,,,,,,,,Perfeitamente alinhado ao objetivo,Métrica compreensivel para os colaboradores de todas as áreas,Cobre parcialmente a descricao do objetivo,Semestral,"Não medido atualmente, precisa estraturar processo complexo para medir",Pesquisa,"Demora para perceber impacto (pesquisas de percepcao, medicoes de baixa frequencia, na maioria indicadores de resultado)",Desempenho atual medido e com comportamento estável/Indicador de Mercado com método definido,Referencia dificilmente obtida/Não possue referente,,,
Turnover,20.1,Aprendizado e Crescimento,"Organização, Pessoas e Inovação","Atrair talentos, desenvolver, reter e promover sucessão","Gestão de competências;
Desenvolvimento profissional;
Reconhecimento por mérito;
Formação e sucessão de liderança.",Denilson,Turnover,Mede a rotatividade de colaboradores na empresa,((∑ Admitidos + ∑ demitidos)/2)/ ∑ colaboradores * 100,%,,1,Mensal,Linear,Gestão,,Não,Sim,Até o dia 10 de cada mês,BI,Sistema,Denilson Brum,,,,,,,3.21%,3.10%,3.50%,1.49%,3.00%,,2.50%,,2.00%,,,,,1.65%,3.00%,1.74%,3.00%,1.30%,3.00%,0.86%,3.00%,0.69%,3.00%,2.56%,3.00%,1.69%,3.00%,1.45%,3.00%,,3.00%,,3.00%,,3.00%,,3.00%,,,,Perfeitamente alinhado ao objetivo,Métrica compreensivel para colaboradores de áreas específicas,Cobre parcialmente a descricao do objetivo,Mensal,Medido atualmente,Informacao oficial/Sistema/Fonte externa oficial,"Demora para perceber impacto (pesquisas de percepcao, medicoes de baixa frequencia, na maioria indicadores de resultado)",Desempenho atual medido e com comportamento estável/Indicador de Mercado com método definido,Benchmark externo facilmente obtido,,,
Clima Organizacional,20.2,Aprendizado e Crescimento,"Organização, Pessoas e Inovação","Atrair talentos, desenvolver, reter e promover sucessão","Gestão de competências;
Desenvolvimento profissional;
Reconhecimento por mérito;
Formação e sucessão de liderança.",Denilson,Clima Organizacional,Mede a percepção dos colaboradores quando ao clima organizacional,De acordo com os critérios da pesquisa de clima organizacional,%,,1,Bianual,Sazonal,Recursos Humanos,,Não,Não,,Pesquisa,Pesquisa,Denilson Brum,,,,,,,,,,,,,,,75.0%,,,,,,,,,,,,,,,,,,,,,,,,,,,,,,,,Perfeitamente alinhado ao objetivo,Métrica compreensivel para os colaboradores de todas as áreas,Cobre parcialmente a descricao do objetivo,Bianual,"Não medido atualmente, precisa estraturar processo complexo para medir",Dado manipulado manualmente pelo departamento,"Demora para perceber impacto (pesquisas de percepcao, medicoes de baixa frequencia, na maioria indicadores de resultado)","Indicador recente, poucas/nenhuma medição histórica para determinar validade do mesmo",Benchmark externo facilmente obtido,,,
Alinhamento à régua de competências,20.3,Aprendizado e Crescimento,"Organização, Pessoas e Inovação","Atrair talentos, desenvolver, reter e promover sucessão","Gestão de competências;
Desenvolvimento profissional;
Reconhecimento por mérito;
Formação e sucessão de liderança.",Denilson,Alinhamento à régua de competências,Mede o alinhamento dos colaboradores em relação à régua de competência referente a seu cargo,∑ Colaboradores alinhados à régua / ∑ colaboradores * 100,%,,1,Semestral,Sazonal,Recursos Humanos,,Não,Não,,Avaliação de Competência,Relatório de Área,Denilson Brum,,,,,,,,,,,,,,,,,,,,,,,,,,,,,,,,,,,,,,,,,,,,,,,Perfeitamente alinhado ao objetivo,Métrica necessita ser explicada para qualquer público entender,Cobre parcialmente a descricao do objetivo,Semestral,"Não medido atualmente, precisa estraturar processo complexo para medir",Pesquisa,"Demora para perceber impacto (pesquisas de percepcao, medicoes de baixa frequencia, na maioria indicadores de resultado)","Indicador recente, poucas/nenhuma medição histórica para determinar validade do mesmo",Padrao minimo de desempenho esperado existente,,,
,20.4,,,"Atrair talentos, desenvolver, reter e promover sucessão",,,Grau de cobertura das posições-chave,,,,,,,,,,,,,,,,,,,,,,,,,,,,,,,,,,,,,,,,,,,,,,,,,,,,,,,,,,,,,,,,,,,,,,,,,
Taxa de frequência de acidentes,21.1,Aprendizado e Crescimento,"Relacionamento, Satisfação do Cliente e Desenvolvimento Regional","Proporcionar condições de segurança para colaboradores, terceiros e usuários","Mitigar riscos para prevenção de acidentes; 
Foco em segurança: viária, patrimonial e do trabalho.",Denilson / Hélcio / Fantini,Taxa de frequência de acidentes,Avalia a frequência de ocorrência de acidentes ocupacionais,∑ HHT x n° acidentes típico e de trajeto com e sem afastamento / 1.000.000,Taxa,,1,Mensal,Sazonal,Saúde e Segurança,,Não,Sim,Até o dia 15 de cada mês,Planilha de acompanhamento de acidentes/afastamentos do trabalho,Relatório de Área,Nivaldo Bautz,,,,,,,7.04,7.04,7.04,3.68,7,,6,,5,,,,,0,7,0.92,7,1.84,7,1.84,7,2.76,7,3.68,7,3.68,7,3.68,7,,7,,7,,7,,7,,,,Perfeitamente alinhado ao objetivo,Métrica compreensivel para os colaboradores de todas as áreas,Cobre parcialmente a descricao do objetivo,Mensal,Medido atualmente,Pesquisa,"Demora para perceber impacto (pesquisas de percepcao, medicoes de baixa frequencia, na maioria indicadores de resultado)",Desempenho atual medido e com comportamento estável/Indicador de Mercado com método definido,Benchmark externo facilmente obtido,,,
Taxa de gravidade de acidentes,21.2,Aprendizado e Crescimento,"Relacionamento, Satisfação do Cliente e Desenvolvimento Regional","Proporcionar condições de segurança para colaboradores, terceiros e usuários","Mitigar riscos para prevenção de acidentes; 
Foco em segurança: viária, patrimonial e do trabalho.",Denilson / Hélcio / Fantini,Taxa de gravidade de acidentes,Avalia a gravidade dos acidentes ocupacionais orridos,∑ HHT x (dias perdidos + dias debitados ) / 1.000.000,Taxa,,1,Mensal,Sazonal,Saúde e Segurança,,Não,Sim,Até o dia 15 de cada mês,Planilha de acompanhamento de acidentes/afastamentos do trabalho,Relatório de Área,Nivaldo Bautz,,,,,,,10638,10638,100,32.18,70,,60,,50,,,,,0,70,0,70,4.6,70,4.6,70,27.64,70,32.18,70,32.21,70,32.21,70,0,70,0,70,0,70,0,70,,,,Perfeitamente alinhado ao objetivo,Métrica compreensivel para os colaboradores de todas as áreas,Cobre parcialmente a descricao do objetivo,Mensal,Medido atualmente,Pesquisa,"Demora para perceber impacto (pesquisas de percepcao, medicoes de baixa frequencia, na maioria indicadores de resultado)",Desempenho atual medido e com comportamento estável/Indicador de Mercado com método definido,Benchmark externo facilmente obtido,,,
Índice de mortos em acidentes,21.3,Aprendizado e Crescimento,"Relacionamento, Satisfação do Cliente e Desenvolvimento Regional","Proporcionar condições de segurança para colaboradores, terceiros e usuários","Mitigar riscos para prevenção de acidentes; 
Foco em segurança: viária, patrimonial e do trabalho.",Denilson / Hélcio / Fantini,Índice de mortos em acidentes,"Até dezembro de 2011, o Índice de Mortos deve, ao menos: 
Manter o valor para as conces. com IM2010 < 3,0
Ser reduzido em 5% para as conces. com  3,0 < IM2010 ≤ 5,0
Ser reduzido em 10% para as conces. com IM2010 > 5,0.",(Mortos em acidentes x 100.000.000) / (VDM) x (Extensão do trecho) x (Período Analisado),#,,1,Mensal,Sazonal,Operacional,,Não,Sim,Até o dia 10 de cada mês,KCOR,Relatório de Área,Daniel Ovalhe,,,,,,,3.67,4.21,4.21,3.71,3.96,,3.92,,3.78,,,,,5.65,3.96,3.67,3.96,5.23,3.96,5.43,3.96,0,3.96,4.41,3.96,1.12,3.96,2.34,3.96,,3.96,,3.96,,3.96,,3.96,,,,Perfeitamente alinhado ao objetivo,Métrica compreensivel para os colaboradores de todas as áreas,Cobre parcialmente a descricao do objetivo,Mensal,Medido atualmente,Pesquisa,"Demora para perceber impacto (pesquisas de percepcao, medicoes de baixa frequencia, na maioria indicadores de resultado)",Desempenho atual medido e com comportamento estável/Indicador de Mercado com método definido,Benchmark externo facilmente obtido,,,
Quantidade de mortes de usuários,21.4,Aprendizado e Crescimento,"Relacionamento, Satisfação do Cliente e Desenvolvimento Regional","Proporcionar condições de segurança para colaboradores, terceiros e usuários","Mitigar riscos para prevenção de acidentes; 
Foco em segurança: viária, patrimonial e do trabalho.",Denilson / Hélcio / Fantini,Quantidade de mortes de usuários,"Até dezembro de 2011, para um dos dois  tipos de acidentes fatais preponderantes no lote, a quantidade de mortos registrada em 2010 deve ao menos: 
Ser mantida para as conc. com Mortos 2010 ≤ 10
Ser reduzida em 10% para as conc. com Mortos2010 > 10",Quantidade de mortos por colisão traseira,#,,0,Semestral,Sazonal,Operacional,,Não,Sim,Julho ,KCOR,Relatório de Área,Daniel Ovalhe,,,,,,,6,6,6,5,6,,,,,,,,,1,,0,,1,,1,,0,,4,3,1,,0,,,,,,,,1,3,,,,Perfeitamente alinhado ao objetivo,Métrica compreensivel para os colaboradores de todas as áreas,Cobre parcialmente a descricao do objetivo,Semestral,Medido atualmente,Pesquisa,"Demora para perceber impacto (pesquisas de percepcao, medicoes de baixa frequencia, na maioria indicadores de resultado)",Desempenho atual medido e com comportamento estável/Indicador de Mercado com método definido,Benchmark externo facilmente obtido,,,
Indicadores Ethos,22.1,Aprendizado e Crescimento,"Relacionamento, Satisfação do Cliente e Desenvolvimento Regional",Promover ações de responsabilidade socioambiental,"Promover ações que tragam impacto social e ambiental positivo para a região;
Promover cultura de sustentabilidade na região;
Foco de atuação: Meio Ambiente, Usuário na Rodovia, Geração de Renda e Responsabilidade Social Empresarial;",Denilson / Beto,Indicadores Ethos,"Avalia a gestão da empresa no que diz respeito à incorporação de práticas de responsabilidade social por meio de um diagnóstico da organização. 
Os indicadores abrangem os temas Valores, Transparência e Governança, Público Interno, Meio Ambiente, Fornecedores, Consumidores e Clientes, Comunidade e Governo e Sociedade.","Nota média obtida em cada tema
Critério: Metodologia Ethos",Nota,,1,Anual,Sazonal,Social,,Não,Não,,,Pesquisa,Vanderlei Carbone,,,,,,,,,,,,,,,6,,,,,,,,,,,,,,,,,,,,,,,,,,,,,"Indicador Ethos
Projetos implementados, investimento em projetos de meio ambiente, responsabilidade socioempresarial, usuário na rodovia e geração de renda",,,Perfeitamente alinhado ao objetivo,Métrica compreensivel para colaboradores de áreas específicas,Cobre grande parte da descricao do objetivo,Anual,"Não medido atualmente, porem facil de obter",Dado manipulado manualmente pelo departamento,"Demora para perceber impacto (pesquisas de percepcao, medicoes de baixa frequencia, na maioria indicadores de resultado)",Desempenho atual medido e com comportamento estável/Indicador de Mercado com método definido,Benchmark externo facilmente obtido,,,
RADA,22.2,Aprendizado e Crescimento,"Relacionamento, Satisfação do Cliente e Desenvolvimento Regional",Promover ações de responsabilidade socioambiental,"Promover ações que tragam impacto social e ambiental positivo para a região;
Promover cultura de sustentabilidade na região;
Foco de atuação: Meio Ambiente, Usuário na Rodovia, Geração de Renda e Responsabilidade Social Empresarial;",Beto Noronha,RADA,Pondera a avaliação do Desempenho Ambiental considerando o atendimento aos indicadores pontuados pela ARTESP,∑ pontuação dos indicadores de Desempenho Ambiental da ARTESP,#,,0,Mensal,Linear,Meio Ambiente,,Não,Não,Até o dia 10 de cada mês,Indicadores de cumprimento da ARTESP,Relatório de Área,Wallace Santos Merlin,,,,,,,32,32,32,33,50,,70,,80,,,,,35,50,35,50,30,50,35,50,30,50,30,50,35,50,,50,,50,,50,,50,,50,,,,Perfeitamente alinhado ao objetivo,Métrica necessita ser explicada para qualquer público entender,Cobre parcialmente a descricao do objetivo,Mensal,"Não medido atualmente, porem facil de obter",Informacao oficial/Sistema/Fonte externa oficial,Baixo delay para percepção de impactos,Desempenho atual medido e com comportamento estável/Indicador de Mercado com método definido,Padrao minimo de desempenho esperado existente,,,
,0,-,-,-,-,-,-,-,-,'-,-,,,,,,,,,,,,,,,,,,,,,,,,,,,,,,,,,,,,,,,,,,,,,,,,,,,,,,,,,,Perfeitamente alinhado ao objetivo,Métrica compreensivel para os colaboradores de todas as áreas,Cobre 100% da descricao do objetivo,Mensal,Medido atualmente,Informacao oficial/Sistema/Fonte externa oficial,"Percepcao imediata (indices operacionais, medicoes de alta frequencia, na maioria indicadores de tendencia)",Desempenho atual medido e com comportamento estável/Indicador de Mercado com método definido,Benchmark externo facilmente obtido,,,
,,,,,,,,,,,,,,,,,,,,,,,,,,,,,,,,,,,,,,,,,,,,,,,,,,,,,,,,,,,,,,,,,,,,,-,-,Cobre grande parte da descricao do objetivo,Bimestral/Trimestral,"Medido atualmente, porem dificil de obter",Dado manipulado manualmente pelo departamento,-,-,-,,,
,,,,,,,,,,,,,,,,,,,,,,,,,,,,,,,,,,,,,,,,,,,,,,,,,,,,,,,,,,,,,,,,,,,,,Parcialmente alinhado ao objetivo,Métrica compreensivel para colaboradores de áreas específicas,Cobre parcialmente a descricao do objetivo,Semestral,"Não medido atualmente, porem facil de obter",Pesquisa,Baixo delay para percepção de impactos,"Indicador recente, poucas/nenhuma medição histórica para determinar validade do mesmo",Padrao minimo de desempenho esperado existente,,,
,,,,,,,,,,,,,,,,,,,,,,,,,,,,,,,,,,,,,,,,,,,,,,,,,,,,,,,,,,,,,,,,,,,,,-,-,Cobre uma pequena parte da descricao do objetivo,Anual,"Não medido atualmente, precisa estruturar o acompanhamento",Outras fontes não confiaveis,-,-,-,,,
,,,,,,,,,,,,,,,,,,,,,,,,,,,,,,,,,,,,,,,,,,,,,,,,,,,,,,,,,,,,,,,,,,,,,Não tem relacao com a descricao do objetivo,Métrica necessita ser explicada para qualquer público entender,Não tem relacao com a descricao do objetivo,Bianual,"Não medido atualmente, precisa estraturar processo complexo para medir",Outras fontes não confiaveis,"Demora para perceber impacto (pesquisas de percepcao, medicoes de baixa frequencia, na maioria indicadores de resultado)","Indicador proposto é novo, desempenho atual não é acompanhado atualmente",Referencia dificilmente obtida/Não possue referente,,,
